<metadata xml:lang="en"><Esri><CreaDate>20220204</CreaDate><CreaTime>10565500</CreaTime><ArcGISFormat>1.0</ArcGISFormat><SyncOnce>FALSE</SyncOnce><DataProperties><lineage><Process ToolSource="c:\arcgis\pro\Resources\ArcToolbox\toolboxes\Spatial Analyst Tools.tbx\ExtractMultiValuesToPoints" Date="20220204" Time="105655">ExtractMultiValuesToPoints BR_elev_Jan18\BR_LI_pts "Topos\be_NYC be_NYC_12;Topos\topo_all2 topo_all_2" NONE</Process><Process ToolSource="c:\arcgis\pro\Resources\ArcToolbox\toolboxes\Data Management Tools.tbx\CalculateField" Date="20220204" Time="110154">CalculateField BR_elev_Jan18\BR_LI_pts NEW_SURF_1 !be_NYC_12! "Python 3" # Text NO_ENFORCE_DOMAINS</Process><Process ToolSource="c:\arcgis\pro\Resources\ArcToolbox\toolboxes\Data Management Tools.tbx\CalculateField" Date="20220204" Time="110220">CalculateField BR_elev_Jan18\BR_LI_pts BR_Depth "!NEW_SURF_1! - !Elev!" "Python 3" # Text NO_ENFORCE_DOMAINS</Process><Process ToolSource="c:\arcgis\pro\Resources\ArcToolbox\toolboxes\Data Management Tools.tbx\Merge" Date="20220210" Time="085227">Merge D:\Bedrock_Data_For_Laura2\Surfaces_4_Jason\Input_data\BR_LI_pts.shp;D:\Bedrock_Data_For_Laura2\Surfaces_4_Jason\Input_data\NYC_BR_extra_1.shp;D:\Bedrock_Data_For_Laura2\Surfaces_4_Jason\Input_data\NYC_BR_noHA709.shp C:\Users\ldemott\Documents\ArcGIS\Projects\NYCDDC_Figures\NYCDDC_Figures.gdb\NYC_BR_pts "OBJECTID "OBJECTID" true true false 10 Long 0 10,First,#,D:\Bedrock_Data_For_Laura2\Surfaces_4_Jason\Input_data\BR_LI_pts.shp,OBJECTID,-1,-1;Geologic_L "Geologic_L" true true false 50 Text 0 0,First,#,D:\Bedrock_Data_For_Laura2\Surfaces_4_Jason\Input_data\BR_LI_pts.shp,Geologic_L,0,50;Elevation "Elevation" true true false 19 Double 0 0,First,#,D:\Bedrock_Data_For_Laura2\Surfaces_4_Jason\Input_data\BR_LI_pts.shp,Elevation,-1,-1;Comments "Comments" true true false 150 Text 0 0,First,#,D:\Bedrock_Data_For_Laura2\Surfaces_4_Jason\Input_data\BR_LI_pts.shp,Comments,0,150,D:\Bedrock_Data_For_Laura2\Surfaces_4_Jason\Input_data\NYC_BR_extra_1.shp,Comments,0,200,D:\Bedrock_Data_For_Laura2\Surfaces_4_Jason\Input_data\NYC_BR_noHA709.shp,Comments,0,200;Elev "Elev" true true false 10 Long 0 10,First,#,D:\Bedrock_Data_For_Laura2\Surfaces_4_Jason\Input_data\BR_LI_pts.shp,Elev,-1,-1;NYC_mosaic "NYC_mosaic" true true false 13 Float 0 0,First,#,D:\Bedrock_Data_For_Laura2\Surfaces_4_Jason\Input_data\BR_LI_pts.shp,NYC_mosaic,-1,-1;BR_Depth "BR_Depth" true true false 19 Double 0 0,First,#,D:\Bedrock_Data_For_Laura2\Surfaces_4_Jason\Input_data\BR_LI_pts.shp,BR_Depth,-1,-1,D:\Bedrock_Data_For_Laura2\Surfaces_4_Jason\Input_data\NYC_BR_noHA709.shp,BR_Depth,-1,-1;NEW_SURF_1 "NEW_SURF_1" true true false 13 Float 0 0,First,#,D:\Bedrock_Data_For_Laura2\Surfaces_4_Jason\Input_data\BR_LI_pts.shp,NEW_SURF_1,-1,-1;be_NYC_12 "be_NYC_12" true true false 13 Float 0 0,First,#,D:\Bedrock_Data_For_Laura2\Surfaces_4_Jason\Input_data\BR_LI_pts.shp,be_NYC_12,-1,-1;topo_all_2 "topo_all_2" true true false 13 Float 0 0,First,#,D:\Bedrock_Data_For_Laura2\Surfaces_4_Jason\Input_data\BR_LI_pts.shp,topo_all_2,-1,-1;Original_D "Original_D" true true false 50 Text 0 0,First,#,D:\Bedrock_Data_For_Laura2\Surfaces_4_Jason\Input_data\NYC_BR_extra_1.shp,Original_D,0,50;Original_1 "Original_1" true true false 19 Double 0 0,First,#,D:\Bedrock_Data_For_Laura2\Surfaces_4_Jason\Input_data\NYC_BR_extra_1.shp,Original_1,-1,-1;BR_ELEV_FT "BR_ELEV_FT" true true false 19 Double 0 0,First,#,D:\Bedrock_Data_For_Laura2\Surfaces_4_Jason\Input_data\NYC_BR_extra_1.shp,BR_ELEV_FT,-1,-1,D:\Bedrock_Data_For_Laura2\Surfaces_4_Jason\Input_data\NYC_BR_noHA709.shp,BR_ELEV_FT,-1,-1;Source "Source" true true false 50 Text 0 0,First,#,D:\Bedrock_Data_For_Laura2\Surfaces_4_Jason\Input_data\NYC_BR_extra_1.shp,Source,0,50,D:\Bedrock_Data_For_Laura2\Surfaces_4_Jason\Input_data\NYC_BR_noHA709.shp,Source,0,50;NED_M "NED_M" true true false 13 Float 0 0,First,#,D:\Bedrock_Data_For_Laura2\Surfaces_4_Jason\Input_data\NYC_BR_extra_1.shp,NED_M,-1,-1;NYC2010_FT "NYC2010_FT" true true false 13 Float 0 0,First,#,D:\Bedrock_Data_For_Laura2\Surfaces_4_Jason\Input_data\NYC_BR_extra_1.shp,NYC2010_FT,-1,-1;DEM_M "DEM_M" true true false 13 Float 0 0,First,#,D:\Bedrock_Data_For_Laura2\Surfaces_4_Jason\Input_data\NYC_BR_extra_1.shp,DEM_M,-1,-1;DEPTH_to_B "DEPTH_to_B" true true false 19 Double 0 0,First,#,D:\Bedrock_Data_For_Laura2\Surfaces_4_Jason\Input_data\NYC_BR_extra_1.shp,DEPTH_to_B,-1,-1,D:\Bedrock_Data_For_Laura2\Surfaces_4_Jason\Input_data\NYC_BR_noHA709.shp,DEPTH_to_B,-1,-1;Comments2 "Comments2" true true false 254 Text 0 0,First,#,D:\Bedrock_Data_For_Laura2\Surfaces_4_Jason\Input_data\NYC_BR_extra_1.shp,Comments2,0,254;shifted "shifted" true true false 19 Double 0 0,First,#,D:\Bedrock_Data_For_Laura2\Surfaces_4_Jason\Input_data\NYC_BR_extra_1.shp,shifted,-1,-1;Data_type "Data_type" true true false 254 Text 0 0,First,#,D:\Bedrock_Data_For_Laura2\Surfaces_4_Jason\Input_data\NYC_BR_extra_1.shp,Data_type,0,254,D:\Bedrock_Data_For_Laura2\Surfaces_4_Jason\Input_data\NYC_BR_noHA709.shp,Data_type,0,254;Reference "Reference" true true false 254 Text 0 0,First,#,D:\Bedrock_Data_For_Laura2\Surfaces_4_Jason\Input_data\NYC_BR_extra_1.shp,Reference,0,254,D:\Bedrock_Data_For_Laura2\Surfaces_4_Jason\Input_data\NYC_BR_noHA709.shp,Reference,0,254;NED_M_1 "NED_M_1" true true false 13 Float 0 0,First,#,D:\Bedrock_Data_For_Laura2\Surfaces_4_Jason\Input_data\NYC_BR_extra_1.shp,NED_M_1,-1,-1;X_COORD "X_COORD" true true false 19 Double 0 0,First,#,D:\Bedrock_Data_For_Laura2\Surfaces_4_Jason\Input_data\NYC_BR_extra_1.shp,X_COORD,-1,-1,D:\Bedrock_Data_For_Laura2\Surfaces_4_Jason\Input_data\NYC_BR_noHA709.shp,X_COORD,-1,-1;Y_COORD "Y_COORD" true true false 19 Double 0 0,First,#,D:\Bedrock_Data_For_Laura2\Surfaces_4_Jason\Input_data\NYC_BR_extra_1.shp,Y_COORD,-1,-1,D:\Bedrock_Data_For_Laura2\Surfaces_4_Jason\Input_data\NYC_BR_noHA709.shp,Y_COORD,-1,-1;topo_all_1 "topo_all_1" true true false 13 Float 0 0,First,#,D:\Bedrock_Data_For_Laura2\Surfaces_4_Jason\Input_data\NYC_BR_extra_1.shp,topo_all_1,-1,-1,D:\Bedrock_Data_For_Laura2\Surfaces_4_Jason\Input_data\NYC_BR_noHA709.shp,topo_all_1,-1,-1;Depth_rast "Depth_rast" true true false 13 Float 0 0,First,#,D:\Bedrock_Data_For_Laura2\Surfaces_4_Jason\Input_data\NYC_BR_noHA709.shp,Depth_rast,-1,-1;Elev_raste "Elev_raste" true true false 13 Float 0 0,First,#,D:\Bedrock_Data_For_Laura2\Surfaces_4_Jason\Input_data\NYC_BR_noHA709.shp,Elev_raste,-1,-1;D_SRC_RAS "D_SRC_RAS" true true false 19 Double 0 0,First,#,D:\Bedrock_Data_For_Laura2\Surfaces_4_Jason\Input_data\NYC_BR_noHA709.shp,D_SRC_RAS,-1,-1;E_SRC_RAS "E_SRC_RAS" true true false 19 Double 0 0,First,#,D:\Bedrock_Data_For_Laura2\Surfaces_4_Jason\Input_data\NYC_BR_noHA709.shp,E_SRC_RAS,-1,-1;Bedrock_el "Bedrock_el" true true false 13 Float 0 0,First,#,D:\Bedrock_Data_For_Laura2\Surfaces_4_Jason\Input_data\NYC_BR_noHA709.shp,Bedrock_el,-1,-1;Bedrock__1 "Bedrock__1" true true false 13 Float 0 0,First,#,D:\Bedrock_Data_For_Laura2\Surfaces_4_Jason\Input_data\NYC_BR_noHA709.shp,Bedrock__1,-1,-1;A_stats "A_stats" true true false 19 Double 0 0,First,#,D:\Bedrock_Data_For_Laura2\Surfaces_4_Jason\Input_data\NYC_BR_noHA709.shp,A_stats,-1,-1;B_stats "B_stats" true true false 19 Double 0 0,First,#,D:\Bedrock_Data_For_Laura2\Surfaces_4_Jason\Input_data\NYC_BR_noHA709.shp,B_stats,-1,-1;Elev_orig_ "Elev_orig_" true true false 13 Float 0 0,First,#,D:\Bedrock_Data_For_Laura2\Surfaces_4_Jason\Input_data\NYC_BR_noHA709.shp,Elev_orig_,-1,-1;Elev_orig1 "Elev_orig1" true true false 13 Float 0 0,First,#,D:\Bedrock_Data_For_Laura2\Surfaces_4_Jason\Input_data\NYC_BR_noHA709.shp,Elev_orig1,-1,-1;Elev_ori_1 "Elev_ori_1" true true false 13 Float 0 0,First,#,D:\Bedrock_Data_For_Laura2\Surfaces_4_Jason\Input_data\NYC_BR_noHA709.shp,Elev_ori_1,-1,-1;Elev_contp "Elev_contp" true true false 13 Float 0 0,First,#,D:\Bedrock_Data_For_Laura2\Surfaces_4_Jason\Input_data\NYC_BR_noHA709.shp,Elev_contp,-1,-1;Elev_LMD_c "Elev_LMD_c" true true false 13 Float 0 0,First,#,D:\Bedrock_Data_For_Laura2\Surfaces_4_Jason\Input_data\NYC_BR_noHA709.shp,Elev_LMD_c,-1,-1;Orig_stats "Orig_stats" true true false 19 Double 0 0,First,#,D:\Bedrock_Data_For_Laura2\Surfaces_4_Jason\Input_data\NYC_BR_noHA709.shp,Orig_stats,-1,-1;Orig_cont_ "Orig_cont_" true true false 19 Double 0 0,First,#,D:\Bedrock_Data_For_Laura2\Surfaces_4_Jason\Input_data\NYC_BR_noHA709.shp,Orig_cont_,-1,-1;Orig_contp "Orig_contp" true true false 19 Double 0 0,First,#,D:\Bedrock_Data_For_Laura2\Surfaces_4_Jason\Input_data\NYC_BR_noHA709.shp,Orig_contp,-1,-1;Contpts_st "Contpts_st" true true false 19 Double 0 0,First,#,D:\Bedrock_Data_For_Laura2\Surfaces_4_Jason\Input_data\NYC_BR_noHA709.shp,Contpts_st,-1,-1;LMD_stats "LMD_stats" true true false 19 Double 0 0,First,#,D:\Bedrock_Data_For_Laura2\Surfaces_4_Jason\Input_data\NYC_BR_noHA709.shp,LMD_stats,-1,-1;NYC_mosa_1 "NYC_mosa_1" true true false 13 Float 0 0,First,#,D:\Bedrock_Data_For_Laura2\Surfaces_4_Jason\Input_data\NYC_BR_noHA709.shp,NYC_mosa_1,-1,-1;NEW_SURF "NEW_SURF" true true false 13 Float 0 0,First,#,D:\Bedrock_Data_For_Laura2\Surfaces_4_Jason\Input_data\NYC_BR_noHA709.shp,NEW_SURF,-1,-1;be_NYC "be_NYC" true true false 13 Float 0 0,First,#,D:\Bedrock_Data_For_Laura2\Surfaces_4_Jason\Input_data\NYC_BR_noHA709.shp,be_NYC,-1,-1;topo_all2 "topo_all2" true true false 13 Float 0 0,First,#,D:\Bedrock_Data_For_Laura2\Surfaces_4_Jason\Input_data\NYC_BR_noHA709.shp,topo_all2,-1,-1" NO_SOURCE_INFO</Process><Process ToolSource="c:\arcgis\pro\Resources\ArcToolbox\toolboxes\Data Management Tools.tbx\DeleteField" Date="20220210" Time="085318">DeleteField NYC_BR_pts Geologic_L "Delete Fields"</Process><Process ToolSource="c:\arcgis\pro\Resources\ArcToolbox\toolboxes\Data Management Tools.tbx\UpdateSchema" Date="20220210" Time="085638">UpdateSchema "CIMDATA=&lt;CIMStandardDataConnection xsi:type='typens:CIMStandardDataConnection' xmlns:xsi='http://www.w3.org/2001/XMLSchema-instance' xmlns:xs='http://www.w3.org/2001/XMLSchema' xmlns:typens='http://www.esri.com/schemas/ArcGIS/2.9.0'&gt;&lt;WorkspaceConnectionString&gt;DATABASE=C:\Users\ldemott\Documents\ArcGIS\Projects\NYCDDC_Figures\NYCDDC_Figures.gdb&lt;/WorkspaceConnectionString&gt;&lt;WorkspaceFactory&gt;FileGDB&lt;/WorkspaceFactory&gt;&lt;Dataset&gt;NYC_BR_pts&lt;/Dataset&gt;&lt;DatasetType&gt;esriDTFeatureClass&lt;/DatasetType&gt;&lt;/CIMStandardDataConnection&gt;" &lt;operationSequence&gt;&lt;workflow&gt;&lt;AddField&gt;&lt;field_name&gt;Elev_ft&lt;/field_name&gt;&lt;field_type&gt;DOUBLE&lt;/field_type&gt;&lt;field_alias&gt;Elev_ft&lt;/field_alias&gt;&lt;field_is_nullable&gt;True&lt;/field_is_nullable&gt;&lt;field_is_required&gt;False&lt;/field_is_required&gt;&lt;/AddField&gt;&lt;/workflow&gt;&lt;workflow&gt;&lt;AddField&gt;&lt;field_name&gt;Depth_ft&lt;/field_name&gt;&lt;field_type&gt;DOUBLE&lt;/field_type&gt;&lt;field_alias&gt;Depth_ft&lt;/field_alias&gt;&lt;field_is_nullable&gt;True&lt;/field_is_nullable&gt;&lt;field_is_required&gt;False&lt;/field_is_required&gt;&lt;/AddField&gt;&lt;/workflow&gt;&lt;/operationSequence&gt;</Process><Process ToolSource="c:\arcgis\pro\Resources\ArcToolbox\toolboxes\Data Management Tools.tbx\CalculateField" Date="20220210" Time="085852">CalculateField NYC_BR_pts Elev_ft !Elev! "Python 3" # Text NO_ENFORCE_DOMAINS</Process><Process ToolSource="c:\arcgis\pro\Resources\ArcToolbox\toolboxes\Data Management Tools.tbx\CalculateField" Date="20220210" Time="085937">CalculateField NYC_BR_pts Depth_ft !BR_Depth! "Python 3" # Text NO_ENFORCE_DOMAINS</Process><Process ToolSource="c:\arcgis\pro\Resources\ArcToolbox\toolboxes\Data Management Tools.tbx\CalculateField" Date="20220210" Time="090152">CalculateField NYC_BR_pts Elev_ft !BR_ELEV_FT! "Python 3" # Text NO_ENFORCE_DOMAINS</Process><Process ToolSource="c:\arcgis\pro\Resources\ArcToolbox\toolboxes\Data Management Tools.tbx\CalculateField" Date="20220210" Time="090209">CalculateField NYC_BR_pts Depth_ft !DEPTH_to_B! "Python 3" # Text NO_ENFORCE_DOMAINS</Process><Process ToolSource="c:\arcgis\pro\Resources\ArcToolbox\toolboxes\Data Management Tools.tbx\DeleteField" Date="20220210" Time="090301">DeleteField NYC_BR_pts OBJECTID "Delete Fields"</Process><Process ToolSource="c:\arcgis\pro\Resources\ArcToolbox\toolboxes\Data Management Tools.tbx\DeleteField" Date="20220210" Time="090309">DeleteField NYC_BR_pts Elevation "Delete Fields"</Process><Process ToolSource="c:\arcgis\pro\Resources\ArcToolbox\toolboxes\Data Management Tools.tbx\UpdateSchema" Date="20220210" Time="090600">UpdateSchema "CIMDATA=&lt;CIMStandardDataConnection xsi:type='typens:CIMStandardDataConnection' xmlns:xsi='http://www.w3.org/2001/XMLSchema-instance' xmlns:xs='http://www.w3.org/2001/XMLSchema' xmlns:typens='http://www.esri.com/schemas/ArcGIS/2.9.0'&gt;&lt;WorkspaceConnectionString&gt;DATABASE=C:\Users\ldemott\Documents\ArcGIS\Projects\NYCDDC_Figures\NYCDDC_Figures.gdb&lt;/WorkspaceConnectionString&gt;&lt;WorkspaceFactory&gt;FileGDB&lt;/WorkspaceFactory&gt;&lt;Dataset&gt;NYC_BR_pts&lt;/Dataset&gt;&lt;DatasetType&gt;esriDTFeatureClass&lt;/DatasetType&gt;&lt;/CIMStandardDataConnection&gt;" &lt;operationSequence&gt;&lt;workflow&gt;&lt;DeleteField&gt;&lt;field_name&gt;Elev&lt;/field_name&gt;&lt;field_name&gt;NYC_mosaic&lt;/field_name&gt;&lt;field_name&gt;BR_Depth&lt;/field_name&gt;&lt;field_name&gt;NEW_SURF_1&lt;/field_name&gt;&lt;field_name&gt;be_NYC_12&lt;/field_name&gt;&lt;field_name&gt;topo_all_2&lt;/field_name&gt;&lt;field_name&gt;Original_D&lt;/field_name&gt;&lt;field_name&gt;Original_1&lt;/field_name&gt;&lt;field_name&gt;BR_ELEV_FT&lt;/field_name&gt;&lt;field_name&gt;NED_M&lt;/field_name&gt;&lt;field_name&gt;NYC2010_FT&lt;/field_name&gt;&lt;field_name&gt;DEM_M&lt;/field_name&gt;&lt;field_name&gt;DEPTH_to_B&lt;/field_name&gt;&lt;field_name&gt;shifted&lt;/field_name&gt;&lt;field_name&gt;NED_M_1&lt;/field_name&gt;&lt;field_name&gt;X_COORD&lt;/field_name&gt;&lt;field_name&gt;Y_COORD&lt;/field_name&gt;&lt;field_name&gt;topo_all_1&lt;/field_name&gt;&lt;field_name&gt;Depth_rast&lt;/field_name&gt;&lt;field_name&gt;Elev_raste&lt;/field_name&gt;&lt;field_name&gt;D_SRC_RAS&lt;/field_name&gt;&lt;field_name&gt;E_SRC_RAS&lt;/field_name&gt;&lt;field_name&gt;Bedrock_el&lt;/field_name&gt;&lt;field_name&gt;Bedrock__1&lt;/field_name&gt;&lt;field_name&gt;A_stats&lt;/field_name&gt;&lt;field_name&gt;B_stats&lt;/field_name&gt;&lt;field_name&gt;Elev_orig_&lt;/field_name&gt;&lt;field_name&gt;Elev_orig1&lt;/field_name&gt;&lt;field_name&gt;Elev_ori_1&lt;/field_name&gt;&lt;field_name&gt;Elev_contp&lt;/field_name&gt;&lt;field_name&gt;Elev_LMD_c&lt;/field_name&gt;&lt;field_name&gt;Orig_stats&lt;/field_name&gt;&lt;field_name&gt;Orig_cont_&lt;/field_name&gt;&lt;field_name&gt;Orig_contp&lt;/field_name&gt;&lt;field_name&gt;Contpts_st&lt;/field_name&gt;&lt;field_name&gt;LMD_stats&lt;/field_name&gt;&lt;field_name&gt;NYC_mosa_1&lt;/field_name&gt;&lt;field_name&gt;NEW_SURF&lt;/field_name&gt;&lt;field_name&gt;be_NYC&lt;/field_name&gt;&lt;field_name&gt;topo_all2&lt;/field_name&gt;&lt;/DeleteField&gt;&lt;/workflow&gt;&lt;/operationSequence&gt;</Process><Process ToolSource="c:\arcgis\pro\Resources\ArcToolbox\toolboxes\Data Management Tools.tbx\CalculateField" Date="20220210" Time="090918">CalculateField NYC_BR_pts Data_type "Well" "Python 3" # Text NO_ENFORCE_DOMAINS</Process><Process ToolSource="c:\arcgis\pro\Resources\ArcToolbox\toolboxes\Data Management Tools.tbx\CalculateField" Date="20220210" Time="092122">CalculateField NYC_BR_pts Source "Borehole" "Python 3" # Text NO_ENFORCE_DOMAINS</Process><Process ToolSource="c:\arcgis\pro\Resources\ArcToolbox\toolboxes\Data Management Tools.tbx\CalculateField" Date="20220210" Time="092142">CalculateField NYC_BR_pts Reference "FLUHR 1957" "Python 3" # Text NO_ENFORCE_DOMAINS</Process><Process ToolSource="c:\arcgis\pro\Resources\ArcToolbox\toolboxes\Data Management Tools.tbx\CalculateField" Date="20220210" Time="092209">CalculateField NYC_BR_pts Reference "FLUHR 1954" "Python 3" # Text NO_ENFORCE_DOMAINS</Process><Process ToolSource="c:\arcgis\pro\Resources\ArcToolbox\toolboxes\Data Management Tools.tbx\CalculateField" Date="20220210" Time="092317">CalculateField NYC_BR_pts Source "Borehole" "Python 3" # Text NO_ENFORCE_DOMAINS</Process><Process ToolSource="c:\arcgis\pro\Resources\ArcToolbox\toolboxes\Data Management Tools.tbx\CalculateField" Date="20220210" Time="092329">CalculateField NYC_BR_pts Reference "FLUHR 1954" "Python 3" # Text NO_ENFORCE_DOMAINS</Process><Process ToolSource="c:\arcgis\pro\Resources\ArcToolbox\toolboxes\Data Management Tools.tbx\CalculateField" Date="20220210" Time="092445">CalculateField NYC_BR_pts Comments "NEEDS REFERENCE" "Python 3" # Text NO_ENFORCE_DOMAINS</Process><Process ToolSource="c:\arcgis\pro\Resources\ArcToolbox\toolboxes\Data Management Tools.tbx\CalculateField" Date="20220210" Time="092732">CalculateField NYC_BR_pts Data_type "Well" "Python 3" # Text NO_ENFORCE_DOMAINS</Process><Process ToolSource="c:\arcgis\pro\Resources\ArcToolbox\toolboxes\Data Management Tools.tbx\CalculateField" Date="20220210" Time="102034">CalculateField NYC_BR_pts Source "USGS" "Python 3" # Text NO_ENFORCE_DOMAINS</Process><Process ToolSource="c:\arcgis\pro\Resources\ArcToolbox\toolboxes\Data Management Tools.tbx\CalculateField" Date="20220210" Time="102104">CalculateField NYC_BR_pts Reference "Smolensky, D.A., Buxton, H.T., and Shernoff, P.K., 1989, Hydrologic framework of Long Island, New York: U.S. Geological Survey Hydrologic Investigations Atlas HA–709, 3 sheets, scale 1:250,000." "Python 3" # Text NO_ENFORCE_DOMAINS</Process><Process ToolSource="c:\arcgis\pro\Resources\ArcToolbox\toolboxes\Data Management Tools.tbx\CalculateField" Date="20220210" Time="102215">CalculateField NYC_BR_pts Source "NWIS" "Python 3" # Text NO_ENFORCE_DOMAINS</Process><Process ToolSource="c:\arcgis\pro\Resources\ArcToolbox\toolboxes\Data Management Tools.tbx\CalculateField" Date="20220210" Time="102256">CalculateField NYC_BR_pts Data_type "Borehole" "Python 3" # Text NO_ENFORCE_DOMAINS</Process><Process ToolSource="c:\arcgis\pro\Resources\ArcToolbox\toolboxes\Data Management Tools.tbx\CalculateField" Date="20220210" Time="102355">CalculateField NYC_BR_pts Data_type "Seismic"
 "Python 3" # Text NO_ENFORCE_DOMAINS</Process><Process ToolSource="c:\arcgis\pro\Resources\ArcToolbox\toolboxes\Data Management Tools.tbx\CalculateField" Date="20220210" Time="102533">CalculateField NYC_BR_pts Data_type "Borehole" "Python 3" # Text NO_ENFORCE_DOMAINS</Process><Process ToolSource="c:\arcgis\pro\Resources\ArcToolbox\toolboxes\Data Management Tools.tbx\CalculateField" Date="20220210" Time="102802">CalculateField NYC_BR_pts Source "Borehole" "Python 3" # Text NO_ENFORCE_DOMAINS</Process><Process ToolSource="c:\arcgis\pro\Resources\ArcToolbox\toolboxes\Data Management Tools.tbx\CalculateField" Date="20220210" Time="102823">CalculateField NYC_BR_pts Data_type "Borehole" "Python 3" # Text NO_ENFORCE_DOMAINS</Process><Process ToolSource="c:\arcgis\pro\Resources\ArcToolbox\toolboxes\Data Management Tools.tbx\CalculateField" Date="20220210" Time="102857">CalculateField NYC_BR_pts Source "Fluhr, 1954" "Python 3" # Text NO_ENFORCE_DOMAINS</Process><Process ToolSource="c:\arcgis\pro\Resources\ArcToolbox\toolboxes\Data Management Tools.tbx\CalculateField" Date="20220210" Time="102921">CalculateField NYC_BR_pts Source "USGS" "Python 3" # Text NO_ENFORCE_DOMAINS</Process><Process ToolSource="c:\arcgis\pro\Resources\ArcToolbox\toolboxes\Data Management Tools.tbx\CalculateField" Date="20220210" Time="103747">CalculateField NYC_BR_pts Source "Holland, 1921" "Python 3" # Text NO_ENFORCE_DOMAINS</Process><Process ToolSource="c:\arcgis\pro\Resources\ArcToolbox\toolboxes\Data Management Tools.tbx\CalculateField" Date="20220210" Time="103929">CalculateField NYC_BR_pts Reference "Holland, C.M., 1921, Linking New York and New Jersey: the isolation of these two states from each other to be overcome by new vehicle tunnels. The American City, v. XXIV, pp. 231-232." "Python 3" # Text NO_ENFORCE_DOMAINS</Process><Process ToolSource="c:\arcgis\pro\Resources\ArcToolbox\toolboxes\Data Management Tools.tbx\CalculateField" Date="20220210" Time="104605">CalculateField NYC_BR_pts Source "Hudson Tunnel Project" "Python 3" # Text NO_ENFORCE_DOMAINS</Process><Process ToolSource="c:\arcgis\pro\Resources\ArcToolbox\toolboxes\Data Management Tools.tbx\CalculateField" Date="20220210" Time="104819">CalculateField NYC_BR_pts Reference "https://waterdata.usgs.gov/nwis" "Python 3" # Text NO_ENFORCE_DOMAINS</Process><Process ToolSource="c:\arcgis\pro\Resources\ArcToolbox\toolboxes\Data Management Tools.tbx\CalculateField" Date="20220210" Time="105212">CalculateField NYC_BR_pts Reference "None available" "Python 3" # Text NO_ENFORCE_DOMAINS</Process><Process ToolSource="c:\arcgis\pro\Resources\ArcToolbox\toolboxes\Data Management Tools.tbx\CalculateField" Date="20220210" Time="105247">CalculateField NYC_BR_pts Reference "None available" "Python 3" # Text NO_ENFORCE_DOMAINS</Process><Process ToolSource="c:\arcgis\pro\Resources\ArcToolbox\toolboxes\Data Management Tools.tbx\CalculateField" Date="20220210" Time="105403">CalculateField NYC_BR_pts Data_type "Seismic" "Python 3" # Text NO_ENFORCE_DOMAINS</Process><Process ToolSource="c:\arcgis\pro\Resources\ArcToolbox\toolboxes\Data Management Tools.tbx\CalculateField" Date="20220210" Time="105522">CalculateField NYC_BR_pts Reference "https://doi.org/10.5066/P9S7Q68D" "Python 3" # Text NO_ENFORCE_DOMAINS</Process><Process ToolSource="c:\arcgis\pro\Resources\ArcToolbox\toolboxes\Data Management Tools.tbx\CalculateField" Date="20220210" Time="105707">CalculateField NYC_BR_pts Source "USGS" "Python 3" # Text NO_ENFORCE_DOMAINS</Process><Process ToolSource="c:\arcgis\pro\Resources\ArcToolbox\toolboxes\Data Management Tools.tbx\CalculateField" Date="20220210" Time="110933">CalculateField NYC_BR_pts Reference "NEEDS REFERENCE" "Python 3" # Text NO_ENFORCE_DOMAINS</Process><Process ToolSource="c:\arcgis\pro\Resources\ArcToolbox\toolboxes\Data Management Tools.tbx\CalculateField" Date="20220210" Time="111210">CalculateField NYC_BR_pts Reference "Unavailable" "Python 3" # Text NO_ENFORCE_DOMAINS</Process><Process ToolSource="c:\arcgis\pro\Resources\ArcToolbox\toolboxes\Data Management Tools.tbx\CalculateField" Date="20220210" Time="111655">CalculateField NYC_BR_pts Comments "none" "Python 3" # Text NO_ENFORCE_DOMAINS</Process><Process ToolSource="c:\arcgis\pro\Resources\ArcToolbox\toolboxes\Data Management Tools.tbx\CalculateField" Date="20220210" Time="112104">CalculateField NYC_BR_pts Comments "Bedrock elevation adjusted to match surface elevation" "Python 3" # Text NO_ENFORCE_DOMAINS</Process><Process ToolSource="c:\arcgis\pro\Resources\ArcToolbox\toolboxes\Data Management Tools.tbx\CalculateField" Date="20220210" Time="112141">CalculateField NYC_BR_pts Reference "NEEDS REFERENCE" "Python 3" # Text NO_ENFORCE_DOMAINS</Process><Process ToolSource="c:\arcgis\pro\Resources\ArcToolbox\toolboxes\Data Management Tools.tbx\CalculateField" Date="20220210" Time="112606">CalculateField NYC_BR_pts Reference "NEEDS REFERENCE" "Python 3" # Text NO_ENFORCE_DOMAINS</Process><Process ToolSource="c:\arcgis\pro\Resources\ArcToolbox\toolboxes\Data Management Tools.tbx\CalculateField" Date="20220210" Time="112655">CalculateField NYC_BR_pts Source "NWIS" "Python 3" # Text NO_ENFORCE_DOMAINS</Process><Process ToolSource="c:\arcgis\pro\Resources\ArcToolbox\toolboxes\Data Management Tools.tbx\CalculateField" Date="20220210" Time="112742">CalculateField NYC_BR_pts Reference "https://waterdata.usgs.gov/nwis" "Python 3" # Text NO_ENFORCE_DOMAINS</Process><Process ToolSource="c:\arcgis\pro\Resources\ArcToolbox\toolboxes\Data Management Tools.tbx\CalculateField" Date="20220210" Time="112948">CalculateField NYC_BR_pts Reference "Unavailable" "Python 3" # Text NO_ENFORCE_DOMAINS</Process><Process ToolSource="c:\arcgis\pro\Resources\ArcToolbox\toolboxes\Data Management Tools.tbx\CalculateField" Date="20220210" Time="113138">CalculateField NYC_BR_pts Reference "Stumm, Frederick, Lange, Andrew D., and Candela, Jennifer L., 2002, Hydrogeology and Extent of Saltwater Intrusion on Manhasset Neck, Nassau County, New York: U.S. Geological Survey Water-Resources Investigations Report 00-4193, 42 p." "Python 3" # Text NO_ENFORCE_DOMAINS</Process><Process ToolSource="c:\arcgis\pro\Resources\ArcToolbox\toolboxes\Data Management Tools.tbx\CalculateField" Date="20220210" Time="113221">CalculateField NYC_BR_pts Reference "Stumm, Frederick, 2001, Hydrogeology and Extent of Saltwater Intrusion of the Great Neck Peninsula, Great Neck, Long Island, New York: U.S. Geological Survey Water-Resources Investigations Report 99-4280, 41 p." "Python 3" # Text NO_ENFORCE_DOMAINS</Process><Process ToolSource="c:\arcgis\pro\Resources\ArcToolbox\toolboxes\Data Management Tools.tbx\CalculateField" Date="20220210" Time="113304">CalculateField NYC_BR_pts Comments "" " " "Python 3" # Text NO_ENFORCE_DOMAINS</Process><Process ToolSource="c:\arcgis\pro\Resources\ArcToolbox\toolboxes\Data Management Tools.tbx\CalculateField" Date="20220210" Time="113449">CalculateField NYC_BR_pts Comments " " "Python 3" # Text NO_ENFORCE_DOMAINS</Process><Process ToolSource="c:\arcgis\pro\Resources\ArcToolbox\toolboxes\Data Management Tools.tbx\DeleteField" Date="20220210" Time="113535">DeleteField NYC_BR_pts Comments2 "Delete Fields"</Process><Process ToolSource="c:\arcgis\pro\Resources\ArcToolbox\toolboxes\Data Management Tools.tbx\CalculateField" Date="20220210" Time="113638">CalculateField NYC_BR_pts Comments " " "Python 3" # Text NO_ENFORCE_DOMAINS</Process><Process ToolSource="c:\arcgis\pro\Resources\ArcToolbox\toolboxes\Conversion Tools.tbx\FeatureClassToFeatureClass" Date="20220222" Time="092707">FeatureClassToFeatureClass NYC_BR_pts "C:\Users\ldemott\Documents\NYC Bedrock\Geospatial_DR\Shapefiles" bedrock_pts.shp # "Comments "Comments" true true false 150 Text 0 0,First,#,NYC_BR_pts,Comments,0,150;Source "Source" true true false 50 Text 0 0,First,#,NYC_BR_pts,Source,0,50;Data_type "Data_type" true true false 254 Text 0 0,First,#,NYC_BR_pts,Data_type,0,254;Reference "Reference" true true false 254 Text 0 0,First,#,NYC_BR_pts,Reference,0,254;Elev_ft "Elev_ft" true true false 8 Double 0 0,First,#,NYC_BR_pts,Elev_ft,-1,-1;Depth_ft "Depth_ft" true true false 8 Double 0 0,First,#,NYC_BR_pts,Depth_ft,-1,-1" #</Process><Process ToolSource="c:\arcgis\pro\Resources\ArcToolbox\toolboxes\Data Management Tools.tbx\CalculateField" Date="20220222" Time="112652">CalculateField bedrock_pts Source "Publication" "Python 3" # Text NO_ENFORCE_DOMAINS</Process><Process ToolSource="c:\arcgis\pro\Resources\ArcToolbox\toolboxes\Data Management Tools.tbx\CalculateField" Date="20220222" Time="112709">CalculateField bedrock_pts Source "HTP" "Python 3" # Text NO_ENFORCE_DOMAINS</Process><Process ToolSource="c:\arcgis\pro\Resources\ArcToolbox\toolboxes\Data Management Tools.tbx\CalculateField" Date="20220222" Time="134620">CalculateField bedrock_pts Reference "Fluhr, T.W, 1937, Earth and Rock Borings of New York City Borough of Bronx: Works Progress Administration, Board of Estimate and Appointment City of New York, map series." "Python 3" # Text NO_ENFORCE_DOMAINS</Process><Process ToolSource="c:\arcgis\pro\Resources\ArcToolbox\toolboxes\Data Management Tools.tbx\CalculateField" Date="20220222" Time="134738">CalculateField bedrock_pts Reference "Fluhr, T.W, 1937a, Earth and Rock Borings of New York City Borough of Brooklyn: Works Progress Administration, Board of Estimate and Appointment City of New York, map series." "Python 3" # Text NO_ENFORCE_DOMAINS</Process><Process ToolSource="c:\arcgis\pro\Resources\ArcToolbox\toolboxes\Data Management Tools.tbx\CalculateField" Date="20220222" Time="134801">CalculateField bedrock_pts Reference "Fluhr, T.W, 1937, Earth and Rock Borings of New York City Borough of Brooklyn: Works Progress Administration, Board of Estimate and Appointment City of New York, map series." "Python 3" # Text NO_ENFORCE_DOMAINS</Process><Process ToolSource="c:\arcgis\pro\Resources\ArcToolbox\toolboxes\Data Management Tools.tbx\CalculateField" Date="20220222" Time="134848">CalculateField bedrock_pts Reference "Fluhr, T.W, 1937b, Earth and Rock Borings of New York City Borough of Queens: Works Progress Administration, Board of Estimate and Appointment City of New York, map series." "Python 3" # Text NO_ENFORCE_DOMAINS</Process><Process ToolSource="c:\arcgis\pro\Resources\ArcToolbox\toolboxes\Data Management Tools.tbx\CalculateField" Date="20220222" Time="134921">CalculateField bedrock_pts Reference "Fluhr, T.W, 1937c, Earth and Rock Borings of New York City Borough of Richmond: Works Progress Administration, Board of Estimate and Appointment City of New York, map series." "Python 3" # Text NO_ENFORCE_DOMAINS</Process><Process ToolSource="c:\arcgis\pro\Resources\ArcToolbox\toolboxes\Data Management Tools.tbx\CalculateField" Date="20220222" Time="135001">CalculateField bedrock_pts Reference "Fluhr, T.W, 1937d, Earth and Rock Borings of New York City Borough of Manhattan: Works Progress Administration, Board of Estimate and Appointment City of New York, map series." "Python 3" # Text NO_ENFORCE_DOMAINS</Process><Process ToolSource="c:\arcgis\pro\Resources\ArcToolbox\toolboxes\Data Management Tools.tbx\CalculateField" Date="20220222" Time="155605">CalculateField bedrock_pts Comments "Verrazano-Narrows Bridge" "Python 3" # Text NO_ENFORCE_DOMAINS</Process><Process ToolSource="c:\arcgis\pro\Resources\ArcToolbox\toolboxes\Data Management Tools.tbx\CalculateField" Date="20220223" Time="084813">CalculateField bedrock_pts Source "Map or Cross-Section" "Python 3" # Text NO_ENFORCE_DOMAINS</Process><Process ToolSource="c:\arcgis\pro\Resources\ArcToolbox\toolboxes\Data Management Tools.tbx\CalculateField" Date="20220223" Time="084902">CalculateField bedrock_pts Reference "Fluhr, T.W., 1954, Proposed Narrows Bridge, Foundation Studies, Geologic Profile: Unpublished Cross Section, 1p." "Python 3" # Text NO_ENFORCE_DOMAINS</Process><Process ToolSource="c:\arcgis\pro\Resources\ArcToolbox\toolboxes\Data Management Tools.tbx\CalculateField" Date="20220223" Time="085107">CalculateField bedrock_pts Reference "https://waterdata.usgs.gov" "Python 3" # Text NO_ENFORCE_DOMAINS</Process><Process ToolSource="c:\arcgis\pro\Resources\ArcToolbox\toolboxes\Data Management Tools.tbx\CalculateField" Date="20220714" Time="141521">CalculateField bedrock_pts Reference "https://www.hudsontunnelproject.com/documents/2017%20-%20Presentation.pdf" "Python 3" # Text NO_ENFORCE_DOMAINS</Process><Process ToolSource="c:\arcgis\pro\Resources\ArcToolbox\toolboxes\Data Management Tools.tbx\CalculateField" Date="20220720" Time="085326">CalculateField bedrock_pts Reference "Proprietary data" "Python 3" # Text NO_ENFORCE_DOMAINS</Process><Process ToolSource="c:\arcgis\pro\Resources\ArcToolbox\toolboxes\Data Management Tools.tbx\CalculateField" Date="20220720" Time="085624">CalculateField bedrock_pts Reference "Proprietary data" "Python 3" # Text NO_ENFORCE_DOMAINS</Process><Process ToolSource="c:\arcgis\pro\Resources\ArcToolbox\toolboxes\Data Management Tools.tbx\CalculateField" Date="20220720" Time="095220">CalculateField bedrock_pts Reference "DeMott, L.M., Stumm, F.,  Como, M., Finkelstein, J., 2022, Horizontal-to-Vertical Spectral Ratio Soundings and Depth-to-Bedrock Data for New York City and Long Island, NY: U.S. Geological Survey data release, https://doi.org/10.5066/P9S7Q68D." "Python 3" # Text NO_ENFORCE_DOMAINS</Process><Process ToolSource="c:\arcgis\pro\Resources\ArcToolbox\toolboxes\Data Management Tools.tbx\CalculateField" Date="20220721" Time="124632">CalculateField bedrock_pts Source "USGS/NWIS" "Python 3" # Text NO_ENFORCE_DOMAINS</Process><Process ToolSource="c:\arcgis\pro\Resources\ArcToolbox\toolboxes\Data Management Tools.tbx\CalculateField" Date="20220721" Time="134528">CalculateField bedrock_pts Source "Map or Cross-Section" "Python 3" # Text NO_ENFORCE_DOMAINS</Process><Process ToolSource="c:\arcgis\pro\Resources\ArcToolbox\toolboxes\Data Management Tools.tbx\CalculateField" Date="20220721" Time="142957">CalculateField bedrock_pts Data_type "Well" "Python 3" # Text NO_ENFORCE_DOMAINS</Process><Process ToolSource="c:\arcgis\pro\Resources\ArcToolbox\toolboxes\Data Management Tools.tbx\CalculateField" Date="20220721" Time="143153">CalculateField bedrock_pts Comments "Depth below sea level from cross-section" "Python 3" # Text NO_ENFORCE_DOMAINS</Process><Process ToolSource="c:\arcgis\pro\Resources\ArcToolbox\toolboxes\Data Management Tools.tbx\CalculateField" Date="20220721" Time="152047">CalculateField bedrock_pts Reference "DeMott, L., Stumm, F., and Monti, J., 2022, Continuous marine seismic-reflection surveys and derived depth-to-bedrock point data from the East River, New York City, NY: U.S. Geological Survey data release, https://doi.org/10.5066/xxxxxxx" "Python 3" # Text NO_ENFORCE_DOMAINS</Process><Process ToolSource="c:\arcgis\pro\Resources\ArcToolbox\toolboxes\Data Management Tools.tbx\CalculateField" Date="20220721" Time="152630">CalculateField bedrock_pts Data_type "Well" "Python 3" # Text NO_ENFORCE_DOMAINS</Process><Process ToolSource="c:\arcgis\pro\Resources\ArcToolbox\toolboxes\Data Management Tools.tbx\CalculateField" Date="20220721" Time="152640">CalculateField bedrock_pts Source "USGS/NWIS" "Python 3" # Text NO_ENFORCE_DOMAINS</Process><Process ToolSource="c:\arcgis\pro\Resources\ArcToolbox\toolboxes\Data Management Tools.tbx\CalculateField" Date="20220721" Time="153608">CalculateField bedrock_pts Reference "https://waterdata.usgs.gov; https://webapps.usgs.gov/GeoLogLocator" "Python 3" # Text NO_ENFORCE_DOMAINS</Process><Process ToolSource="c:\arcgis\pro\Resources\ArcToolbox\toolboxes\Data Management Tools.tbx\CalculateField" Date="20220721" Time="154058">CalculateField bedrock_pts Comments "Depth below sea level from cross-section" "Python 3" # Text NO_ENFORCE_DOMAINS</Process><Process ToolSource="c:\arcgis\pro\Resources\ArcToolbox\toolboxes\Data Management Tools.tbx\CalculateField" Date="20220722" Time="084018">CalculateField bedrock_pts Data_type "Well" "Python 3" # Text NO_ENFORCE_DOMAINS</Process><Process ToolSource="c:\arcgis\pro\Resources\ArcToolbox\toolboxes\Data Management Tools.tbx\CalculateField" Date="20220722" Time="084604">CalculateField bedrock_pts Source "USGS/NWIS" "Python 3" # Text NO_ENFORCE_DOMAINS</Process><Process ToolSource="c:\arcgis\pro\Resources\ArcToolbox\toolboxes\Data Management Tools.tbx\CalculateField" Date="20220928" Time="124846">CalculateField bedrock_pts Data_type "Construction Borehole" "Python 3" # Text NO_ENFORCE_DOMAINS</Process><Process ToolSource="c:\arcgis\pro\Resources\ArcToolbox\toolboxes\Data Management Tools.tbx\CalculateField" Date="20220928" Time="124934">CalculateField bedrock_pts Data_type "Water/Monitoring Well" "Python 3" # Text NO_ENFORCE_DOMAINS</Process><Process ToolSource="c:\arcgis\pro\Resources\ArcToolbox\toolboxes\Data Management Tools.tbx\CalculateField" Date="20220928" Time="124956">CalculateField bedrock_pts Data_type "Surface Outcrop" "Python 3" # Text NO_ENFORCE_DOMAINS</Process><Process ToolSource="c:\arcgis\pro\Resources\ArcToolbox\toolboxes\Data Management Tools.tbx\CalculateField" Date="20220928" Time="125433">CalculateField bedrock_pts Data_type "HVSR Soundings" "Python 3" # Text NO_ENFORCE_DOMAINS</Process><Process ToolSource="c:\arcgis\pro\Resources\ArcToolbox\toolboxes\Data Management Tools.tbx\CalculateField" Date="20220928" Time="125505">CalculateField bedrock_pts Data_type "Marine Seismic-Reflection Survey" "Python 3" # Text NO_ENFORCE_DOMAINS</Process><Process ToolSource="c:\arcgis\pro\Resources\ArcToolbox\toolboxes\Data Management Tools.tbx\CalculateField" Date="20221110" Time="084209">CalculateField bedrock_pts Reference "DeMott, L., Stumm, F., and Monti, J., 2022, Continuous marine seismic-reflection surveys and derived depth-to-bedrock point data from the East River, New York City, NY: U.S. Geological Survey data release, https://doi.org/10.5066/P9O24NP7" "Python 3" # Text NO_ENFORCE_DOMAINS</Process><Process ToolSource="c:\arcgis\pro\Resources\ArcToolbox\toolboxes\Data Management Tools.tbx\CalculateField" Date="20221129" Time="125533">CalculateField bedrock_pts Reference "Walter, D.A., and Finkelstein, J.S., 2020, Distribution of selected hydrogeologic characteristics of the upper glacial and Magothy aquifers, Long Island, New York: U.S. Geological Survey Scientific Investigations Report 2020–5023, 21 p., https://doi.org/10.3133/sir20205023." "Python 3" # Text NO_ENFORCE_DOMAINS</Process><Process ToolSource="c:\arcgis\pro\Resources\ArcToolbox\toolboxes\Data Management Tools.tbx\CalculateField" Date="20230413" Time="124334">CalculateField bedrock_pts Reference "DeMott, L., Stumm, F., and Monti, J., 2023, Continuous marine seismic-reflection surveys and derived depth-to-bedrock point data from the East River, New York City, NY: U.S. Geological Survey data release, https://doi.org/10.5066/P9O24NP7" "Python 3" # Text NO_ENFORCE_DOMAINS</Process><Process ToolSource="c:\arcgis\pro\Resources\ArcToolbox\toolboxes\Data Management Tools.tbx\CalculateField" Date="20230413" Time="124437">CalculateField bedrock_pts Reference "DeMott, L.M., Stumm, F., Como, M., Finkelstein, J., 2023, Horizontal-to-Vertical Spectral Ratio Soundings and Depth-to-Bedrock Data for New York City and Long Island, NY: U.S. Geological Survey data release, https://doi.org/10.5066/P9S7Q68D."
 "Python 3" # Text NO_ENFORCE_DOMAINS</Process><Process ToolSource="c:\arcgis\pro\Resources\ArcToolbox\toolboxes\Data Management Tools.tbx\CalculateField" Date="20230413" Time="124547">CalculateField bedrock_pts Reference "Walter, D.A., and Finkelstein, J.S., 2020, Distribution of selected hydrogeologic characteristics of the upper glacial and Magothy aquifers, Long Island, New York: U.S. Geological Survey Scientific Investigations Report 2020–5023, 21 p., https://doi.org/10.3133/sir20205023"
 "Python 3" # Text NO_ENFORCE_DOMAINS</Process><Process ToolSource="c:\arcgis\pro\Resources\ArcToolbox\toolboxes\Data Management Tools.tbx\UpdateSchema" Date="20230413" Time="124942">UpdateSchema "CIMDATA=&lt;CIMStandardDataConnection xsi:type='typens:CIMStandardDataConnection' xmlns:xsi='http://www.w3.org/2001/XMLSchema-instance' xmlns:xs='http://www.w3.org/2001/XMLSchema' xmlns:typens='http://www.esri.com/schemas/ArcGIS/3.0.0'&gt;&lt;WorkspaceConnectionString&gt;DATABASE=C:\Users\ldemott\Documents\NYC Bedrock\Geospatial_DR\Shapefiles&lt;/WorkspaceConnectionString&gt;&lt;WorkspaceFactory&gt;Shapefile&lt;/WorkspaceFactory&gt;&lt;Dataset&gt;bedrock_pts.shp&lt;/Dataset&gt;&lt;DatasetType&gt;esriDTFeatureClass&lt;/DatasetType&gt;&lt;/CIMStandardDataConnection&gt;" &lt;operationSequence&gt;&lt;workflow&gt;&lt;AddField&gt;&lt;field_name&gt;ref2&lt;/field_name&gt;&lt;field_type&gt;TEXT&lt;/field_type&gt;&lt;field_length&gt;300&lt;/field_length&gt;&lt;field_is_nullable&gt;False&lt;/field_is_nullable&gt;&lt;field_is_required&gt;False&lt;/field_is_required&gt;&lt;/AddField&gt;&lt;/workflow&gt;&lt;/operationSequence&gt;</Process><Process ToolSource="c:\arcgis\pro\Resources\ArcToolbox\toolboxes\Data Management Tools.tbx\CalculateField" Date="20230413" Time="125005">CalculateField bedrock_pts ref2 !Reference! "Python 3" # Text NO_ENFORCE_DOMAINS</Process><Process ToolSource="c:\arcgis\pro\Resources\ArcToolbox\toolboxes\Data Management Tools.tbx\CalculateField" Date="20230413" Time="125042">CalculateField bedrock_pts ref2 "Walter, D.A., and Finkelstein, J.S., 2020, Distribution of selected hydrogeologic characteristics of the upper glacial and Magothy aquifers, Long Island, New York: U.S. Geological Survey Scientific Investigations Report 2020–5023, 21 p., https://doi.org/10.3133/sir20205023"
 "Python 3" # Text NO_ENFORCE_DOMAINS</Process><Process ToolSource="c:\arcgis\pro\Resources\ArcToolbox\toolboxes\Data Management Tools.tbx\UpdateSchema" Date="20230413" Time="125129">UpdateSchema "CIMDATA=&lt;CIMStandardDataConnection xsi:type='typens:CIMStandardDataConnection' xmlns:xsi='http://www.w3.org/2001/XMLSchema-instance' xmlns:xs='http://www.w3.org/2001/XMLSchema' xmlns:typens='http://www.esri.com/schemas/ArcGIS/3.0.0'&gt;&lt;WorkspaceConnectionString&gt;DATABASE=C:\Users\ldemott\Documents\NYC Bedrock\Geospatial_DR\Shapefiles&lt;/WorkspaceConnectionString&gt;&lt;WorkspaceFactory&gt;Shapefile&lt;/WorkspaceFactory&gt;&lt;Dataset&gt;bedrock_pts.shp&lt;/Dataset&gt;&lt;DatasetType&gt;esriDTFeatureClass&lt;/DatasetType&gt;&lt;/CIMStandardDataConnection&gt;" &lt;operationSequence&gt;&lt;workflow&gt;&lt;DeleteField&gt;&lt;field_name&gt;ref2&lt;/field_name&gt;&lt;/DeleteField&gt;&lt;/workflow&gt;&lt;/operationSequence&gt;</Process><Process ToolSource="c:\arcgis\pro\Resources\ArcToolbox\toolboxes\Data Management Tools.tbx\CalculateField" Date="20230413" Time="125158">CalculateField bedrock_pts Reference "Walter, D.A., and Finkelstein, J.S., 2020, Distribution of selected hydrogeologic characteristics of the upper glacial and Magothy aquifers, Long Island, New York: U.S. Geological Survey Scientific Investigations Report 2020–5023, 21 p." "Python 3" # Text NO_ENFORCE_DOMAINS</Process><Process ToolSource="c:\arcgis\pro\Resources\ArcToolbox\toolboxes\Data Management Tools.tbx\CalculateField" Date="20230417" Time="152506">CalculateField bedrock_pts Reference "Lovegreen, J.R., 1974, Paleodrainage history of the Hudson Estuary: unpublished M.S. Thesis, Columbia University, 129 p." "Python 3" # Text NO_ENFORCE_DOMAINS</Process></lineage><itemProps><itemName Sync="TRUE">bedrock_pts</itemName><imsContentType Sync="TRUE">002</imsContentType><itemLocation><linkage Sync="TRUE">file://\\IGSAHCEWLT14\C$\Users\ldemott\Documents\NYC Bedrock\Geospatial_DR\Shapefiles\bedrock_pts.shp</linkage><protocol Sync="TRUE">Local Area Network</protocol></itemLocation><itemSize Sync="TRUE">0.000</itemSize></itemProps><coordRef><type Sync="TRUE">Projected</type><geogcsn Sync="TRUE">GCS_North_American_1983</geogcsn><csUnits Sync="TRUE">Linear Unit: Meter (1.000000)</csUnits><projcsn Sync="TRUE">NAD_1983_UTM_Zone_18N</projcsn><peXml Sync="TRUE">&lt;ProjectedCoordinateSystem xsi:type='typens:ProjectedCoordinateSystem' xmlns:xsi='http://www.w3.org/2001/XMLSchema-instance' xmlns:xs='http://www.w3.org/2001/XMLSchema' xmlns:typens='http://www.esri.com/schemas/ArcGIS/2.9.0'&gt;&lt;WKT&gt;PROJCS[&amp;quot;NAD_1983_UTM_Zone_18N&amp;quot;,GEOGCS[&amp;quot;GCS_North_American_1983&amp;quot;,DATUM[&amp;quot;D_North_American_1983&amp;quot;,SPHEROID[&amp;quot;GRS_1980&amp;quot;,6378137.0,298.257222101]],PRIMEM[&amp;quot;Greenwich&amp;quot;,0.0],UNIT[&amp;quot;Degree&amp;quot;,0.0174532925199433]],PROJECTION[&amp;quot;Transverse_Mercator&amp;quot;],PARAMETER[&amp;quot;False_Easting&amp;quot;,500000.0],PARAMETER[&amp;quot;False_Northing&amp;quot;,0.0],PARAMETER[&amp;quot;Central_Meridian&amp;quot;,-75.0],PARAMETER[&amp;quot;Scale_Factor&amp;quot;,0.9996],PARAMETER[&amp;quot;Latitude_Of_Origin&amp;quot;,0.0],UNIT[&amp;quot;Meter&amp;quot;,1.0],AUTHORITY[&amp;quot;EPSG&amp;quot;,26918]]&lt;/WKT&gt;&lt;XOrigin&gt;-5120900&lt;/XOrigin&gt;&lt;YOrigin&gt;-9998100&lt;/YOrigin&gt;&lt;XYScale&gt;450445547.3910538&lt;/XYScale&gt;&lt;ZOrigin&gt;-100000&lt;/ZOrigin&gt;&lt;ZScale&gt;10000&lt;/ZScale&gt;&lt;MOrigin&gt;-100000&lt;/MOrigin&gt;&lt;MScale&gt;10000&lt;/MScale&gt;&lt;XYTolerance&gt;0.001&lt;/XYTolerance&gt;&lt;ZTolerance&gt;0.001&lt;/ZTolerance&gt;&lt;MTolerance&gt;0.001&lt;/MTolerance&gt;&lt;HighPrecision&gt;true&lt;/HighPrecision&gt;&lt;WKID&gt;26918&lt;/WKID&gt;&lt;LatestWKID&gt;26918&lt;/LatestWKID&gt;&lt;/ProjectedCoordinateSystem&gt;</peXml></coordRef></DataProperties><SyncDate>20220222</SyncDate><SyncTime>09270600</SyncTime><ModDate>20220222</ModDate><ModTime>09270600</ModTime></Esri><dataIdInfo><envirDesc Sync="TRUE">Microsoft Windows 10 Version 10.0 (Build 19042) ; Esri ArcGIS 12.9.0.32739</envirDesc><dataLang><languageCode value="eng" Sync="TRUE"></languageCode><countryCode value="USA" Sync="TRUE"></countryCode></dataLang><idCitation><resTitle Sync="TRUE">bedrock_pts</resTitle><presForm><PresFormCd value="005" Sync="TRUE"></PresFormCd></presForm></idCitation><spatRpType><SpatRepTypCd value="001" Sync="TRUE"></SpatRepTypCd></spatRpType></dataIdInfo><mdLang><languageCode value="eng" Sync="TRUE"></languageCode><countryCode value="USA" Sync="TRUE"></countryCode></mdLang><distInfo><distFormat><formatName Sync="TRUE">Shapefile</formatName></distFormat><distTranOps><transSize Sync="TRUE">0.000</transSize></distTranOps></distInfo><mdHrLv><ScopeCd value="005" Sync="TRUE"></ScopeCd></mdHrLv><mdHrLvName Sync="TRUE">dataset</mdHrLvName><refSysInfo><RefSystem><refSysID><identCode code="26918" Sync="TRUE"></identCode><idCodeSpace Sync="TRUE">EPSG</idCodeSpace><idVersion Sync="TRUE">6.11(3.0.1)</idVersion></refSysID></RefSystem></refSysInfo><spatRepInfo><VectSpatRep><geometObjs Name="bedrock_pts"><geoObjTyp><GeoObjTypCd value="004" Sync="TRUE"></GeoObjTypCd></geoObjTyp><geoObjCnt Sync="TRUE">0</geoObjCnt></geometObjs><topLvl><TopoLevCd value="001" Sync="TRUE"></TopoLevCd></topLvl></VectSpatRep></spatRepInfo><spdoinfo><ptvctinf><esriterm Name="bedrock_pts"><efeatyp Sync="TRUE">Simple</efeatyp><efeageom code="1" Sync="TRUE"></efeageom><esritopo Sync="TRUE">FALSE</esritopo><efeacnt Sync="TRUE">0</efeacnt><spindex Sync="TRUE">FALSE</spindex><linrefer Sync="TRUE">FALSE</linrefer></esriterm></ptvctinf></spdoinfo><eainfo><detailed Name="bedrock_pts"><enttyp><enttypl Sync="TRUE">bedrock_pts</enttypl><enttypt Sync="TRUE">Feature Class</enttypt><enttypc Sync="TRUE">0</enttypc></enttyp><attr><attrlabl Sync="TRUE">FID</attrlabl><attalias Sync="TRUE">FID</attalias><attrtype Sync="TRUE">OID</attrtype><attwidth Sync="TRUE">4</attwidth><atprecis Sync="TRUE">0</atprecis><attscale Sync="TRUE">0</attscale><attrdef Sync="TRUE">Internal feature number.</attrdef><attrdefs Sync="TRUE">Esri</attrdefs><attrdomv><udom Sync="TRUE">Sequential unique whole numbers that are automatically generated.</udom></attrdomv></attr><attr><attrlabl Sync="TRUE">Shape</attrlabl><attalias Sync="TRUE">Shape</attalias><attrtype Sync="TRUE">Geometry</attrtype><attwidth Sync="TRUE">0</attwidth><atprecis Sync="TRUE">0</atprecis><attscale Sync="TRUE">0</attscale><attrdef Sync="TRUE">Feature geometry.</attrdef><attrdefs Sync="TRUE">Esri</attrdefs><attrdomv><udom Sync="TRUE">Coordinates defining the features.</udom></attrdomv></attr><attr><attrlabl Sync="TRUE">Comments</attrlabl><attalias Sync="TRUE">Comments</attalias><attrtype Sync="TRUE">String</attrtype><attwidth Sync="TRUE">150</attwidth><atprecis Sync="TRUE">0</atprecis><attscale Sync="TRUE">0</attscale></attr><attr><attrlabl Sync="TRUE">Source</attrlabl><attalias Sync="TRUE">Source</attalias><attrtype Sync="TRUE">String</attrtype><attwidth Sync="TRUE">50</attwidth><atprecis Sync="TRUE">0</atprecis><attscale Sync="TRUE">0</attscale></attr><attr><attrlabl Sync="TRUE">Data_type</attrlabl><attalias Sync="TRUE">Data_type</attalias><attrtype Sync="TRUE">String</attrtype><attwidth Sync="TRUE">254</attwidth><atprecis Sync="TRUE">0</atprecis><attscale Sync="TRUE">0</attscale></attr><attr><attrlabl Sync="TRUE">Reference</attrlabl><attalias Sync="TRUE">Reference</attalias><attrtype Sync="TRUE">String</attrtype><attwidth Sync="TRUE">254</attwidth><atprecis Sync="TRUE">0</atprecis><attscale Sync="TRUE">0</attscale></attr><attr><attrlabl Sync="TRUE">Elev_ft</attrlabl><attalias Sync="TRUE">Elev_ft</attalias><attrtype Sync="TRUE">Double</attrtype><attwidth Sync="TRUE">19</attwidth><atprecis Sync="TRUE">0</atprecis><attscale Sync="TRUE">0</attscale></attr><attr><attrlabl Sync="TRUE">Depth_ft</attrlabl><attalias Sync="TRUE">Depth_ft</attalias><attrtype Sync="TRUE">Double</attrtype><attwidth Sync="TRUE">19</attwidth><atprecis Sync="TRUE">0</atprecis><attscale Sync="TRUE">0</attscale></attr></detailed></eainfo><mdDateSt Sync="TRUE">20220222</mdDateSt></metadata>
